merges,lr,dropout,train_ppl,val_ppl,test_ppl
10,0.03,0.0,14.06379222869873,14.04423713684082,13.789207196798607
200,0.03,0.0,28.25692749023437,29.54395866394043,28.304623775518685
800,0.03,0.0,32.34161758422852,43.59867477416992,45.176442922604295
