merges,lr,dropout,train_ppl,val_ppl,test_ppl
10,0.0003,0.2,6.363152027130127,6.00970458984375,5.656291781990018
200,0.0003,0.2,19.58212661743164,18.443504333496094,16.284471120302804
800,0.0003,0.2,34.2706184387207,34.800777435302734,31.353489551978026
